{
  "05 - Metrics" : {
    "transaction" : "05 - Metrics",
    "sampleCount" : 5,
    "errorCount" : 0,
    "errorPct" : 0.0,
    "meanResTime" : 4.6,
    "medianResTime" : 5.0,
    "minResTime" : 2.0,
    "maxResTime" : 7.0,
    "pct1ResTime" : 7.0,
    "pct2ResTime" : 7.0,
    "pct3ResTime" : 7.0,
    "throughput" : 0.9505703422053232,
    "receivedKBytesPerSec" : 13.48120395674905,
    "sentKBytesPerSec" : 0.3198891991444867
  },
  "02 - Products" : {
    "transaction" : "02 - Products",
    "sampleCount" : 5,
    "errorCount" : 0,
    "errorPct" : 0.0,
    "meanResTime" : 139.6,
    "medianResTime" : 156.0,
    "minResTime" : 77.0,
    "maxResTime" : 194.0,
    "pct1ResTime" : 194.0,
    "pct2ResTime" : 194.0,
    "pct3ResTime" : 194.0,
    "throughput" : 0.9453582907922102,
    "receivedKBytesPerSec" : 0.2852692498581963,
    "sentKBytesPerSec" : 0.319058423142371
  },
  "00 - Health" : {
    "transaction" : "00 - Health",
    "sampleCount" : 5,
    "errorCount" : 0,
    "errorPct" : 0.0,
    "meanResTime" : 24.6,
    "medianResTime" : 4.0,
    "minResTime" : 3.0,
    "maxResTime" : 104.0,
    "pct1ResTime" : 104.0,
    "pct2ResTime" : 104.0,
    "pct3ResTime" : 104.0,
    "throughput" : 0.6514657980456027,
    "receivedKBytesPerSec" : 0.15586828175895767,
    "sentKBytesPerSec" : 0.12024124592833876
  },
  "03 - Cart" : {
    "transaction" : "03 - Cart",
    "sampleCount" : 5,
    "errorCount" : 0,
    "errorPct" : 0.0,
    "meanResTime" : 176.0,
    "medianResTime" : 196.0,
    "minResTime" : 92.0,
    "maxResTime" : 225.0,
    "pct1ResTime" : 225.0,
    "pct2ResTime" : 225.0,
    "pct3ResTime" : 225.0,
    "throughput" : 0.9338812103100486,
    "receivedKBytesPerSec" : 0.2378478707508405,
    "sentKBytesPerSec" : 0.32977680239073587
  },
  "Total" : {
    "transaction" : "Total",
    "sampleCount" : 30,
    "errorCount" : 0,
    "errorPct" : 0.0,
    "meanResTime" : 240.83333333333331,
    "medianResTime" : 159.0,
    "minResTime" : 2.0,
    "maxResTime" : 2593.0,
    "pct1ResTime" : 403.5000000000002,
    "pct2ResTime" : 1619.4999999999986,
    "pct3ResTime" : 2593.0,
    "throughput" : 3.4944670937682005,
    "receivedKBytesPerSec" : 9.113597481071636,
    "sentKBytesPerSec" : 1.0651754513686662
  },
  "04 - Checkout" : {
    "transaction" : "04 - Checkout",
    "sampleCount" : 5,
    "errorCount" : 0,
    "errorPct" : 0.0,
    "meanResTime" : 308.4,
    "medianResTime" : 315.0,
    "minResTime" : 247.0,
    "maxResTime" : 413.0,
    "pct1ResTime" : 413.0,
    "pct2ResTime" : 413.0,
    "pct3ResTime" : 413.0,
    "throughput" : 0.9090909090909091,
    "receivedKBytesPerSec" : 0.24467329545454544,
    "sentKBytesPerSec" : 0.32457386363636365
  },
  "01 - Login" : {
    "transaction" : "01 - Login",
    "sampleCount" : 5,
    "errorCount" : 0,
    "errorPct" : 0.0,
    "meanResTime" : 791.8,
    "medianResTime" : 197.0,
    "minResTime" : 162.0,
    "maxResTime" : 2593.0,
    "pct1ResTime" : 2593.0,
    "pct2ResTime" : 2593.0,
    "pct3ResTime" : 2593.0,
    "throughput" : 0.6469979296066253,
    "receivedKBytesPerSec" : 0.2594310057582816,
    "sentKBytesPerSec" : 0.16832055512422361
  }
}